use movies;
create table movie(title varchar(20) not null primary key,director varchar(20) not null,myear int not null,rating float4 not null );
INSERT INTO movie(title,director,myear,rating)VALUES('fargo','coen',1996,8.2);
INSERT INTO movie(title,director,myear,rating)VALUES('Raising Arizona','coen',1987,7.6);
INSERT INTO movie(title,director,myear,rating)VALUES('Spiderman','Raimi',2002,7.4);
INSERT INTO movie(title,director,myear,rating)VALUES('Wonder Boys','Hanson',2000,7.6);
show databases;
use movies;
create table actors(actor varchar(20) not null primary key,ayear int not null );
INSERT INTO actors(actor,ayear)values('cage',1964);
INSERT INTO actors(actor,ayear)values('hanks',1956);
INSERT INTO actors(actor,ayear)values('maguire',1975);
INSERT INTO actors(actor,ayear)values('mcdormand',1957);
use movies;
create table directors(director varchar(20) not null primary key,dyear int not null);
INSERT INTO directors(director,dyear)values('coen',1954);
INSERT INTO directors(director,dyear)values('Hanson',1945);
INSERT INTO directors(director,dyear)values('Raimi',1959);
use movies;
create table  acts(actor  varchar(20) not null,title varchar(20) not null,foreign key(title) references movie(title),foreign key(actor) references actors(actor));
INSERT INTO acts(actor,title)values('cage','Raising Arizona');
INSERT INTO acts(actor,title)values('maguire','Spiderman');
INSERT INTO acts(actor,title)values('maguire','Wonder Boys');
INSERT INTO acts(actor,title)values('mcdormand','fargo');
INSERT INTO acts(actor,title)values('mcdormand','Raising Arizona');
INSERT INTO acts(actor,title)values('mcdormand','Wonder Boys');
use movies;
select * from movie where myear>=1997;
use movies;

use movies;
select title from movie where myear>=1997;
select title from movie where myear>=1997 and director='Hanson';
select title,rating from movie;
select movie.director,acts.actor from movie inner join acts on movie.title=acts.title;
select movie.title from movie left outer join acts on movie.title=acts.title where director='coen' and actor='mcdormand';
